{
    "model": "RandomForest",
    "timestamp": "2026-02-16 10:07:57",
    "environment": "CI",
    "parameters": {
        "model_type": "RandomForest",
        "n_estimators": 200,
        "max_depth": 15,
        "min_samples_split": 5,
        "min_samples_leaf": 2,
        "random_state": 42,
        "n_jobs": -1,
        "environment": "CI"
    },
    "training_metrics": {
        "rmse": 0.06157731299092926,
        "mae": 0.040360781425705906,
        "r2": 0.9766510185162046
    },
    "test_metrics": {
        "rmse": 0.13175681011138443,
        "mae": 0.09017584842871329,
        "r2": 0.8780811689955981,
        "mape": 0.7616288245949726,
        "correlation": 0.937609587315085
    },
    "data_info": {
        "train_samples": 1163,
        "test_samples": 291,
        "n_features": 240
    }
}